,Last_name,First_name,EmpID,GenderID,EmpStatusID,DeptID,PerfScoreID,FromDiversityJobFairID,Salary,Termd,Position,State,Zip,DOB,MaritalDesc,CitizenDesc,HispanicLatino,RaceDesc,DateofHire,DateofTermination,TermReason,EmploymentStatus,Department,ManagerID,RecruitmentSource,PerformanceScore,EngagementSurvey,EmpSatisfaction,SpecialProjectsCount,LastPerformanceReview_Date,DaysLateLast30,Absences,Age,ManagerFirstName,ManagerLastName
0,Adinolfi, Wilson  K,10026,1,1,5,4.0,,"62,506.00",0,Production Technician I,MA,1960,1983-07-10,Single,,No,White,2011-07-05,,N/A-StillEmployed,Active,Production       ,22.0,LinkedIn,Exceeds,4.6,5,,1/17/2019,0.0,1,40,Webster,Butler
1,,,10084,1,3,3,3.0,0.0,"104,437.00",1,Sr. DBA,MA,2148,1975-05-05,Married,US Citizen,No,White,,2016-06-16,,Voluntarily Terminated,IT/IS,4.0,Indeed,Fully Meets,4.96,3,6.0,,,17,48,Elijiah,Gray
2,Akinkuolie, Sarah,10196,0,3,5,3.0,,"64,955.00",1,Production Technician II,MA,1810,1988-09-19,Married,,No,,,2012-09-24,hours,Voluntarily Terminated,Production       ,20.0,LinkedIn,Fully Meets,3.02,3,0.0,5/15/2012,,3,35,Ketsia,Liebig 
3,Alagbe,Trina,10088,0,1,5,3.0,0.0,"64,991.00",0,Production Technician I,MA,1886,1988-09-27,Married,US Citizen,No,,2008-01-07,,N/A-StillEmployed,Active,Production       ,16.0,,Fully Meets,4.84,5,0.0,1/3/2019,,15,35,Brannon,Miller
4,Anderson, Carol ,10069,0,3,5,3.0,,"50,825.00",1,Production Technician I,MA,2169,1989-09-08,Divorced,US Citizen,No,White,2011-07-11,2016-09-06,return to school,Voluntarily Terminated,Production       ,39.0,Google Search,Fully Meets,5.0,4,0.0,2/1/2016,0.0,2,34,Michael,Albert
5,Anderson, Linda  ,10002,0,1,5,4.0,,"57,568.00",0,Production Technician I,MA,1844,1977-05-22,Single,,No,White,2012-01-09,,N/A-StillEmployed,Active,Production       ,11.0,,Exceeds,5.0,5,,1/7/2019,,15,46,Simon,Roup
6,Andreola, Colby,10194,0,1,4,,,"95,660.00",0,Software Engineer,MA,2110,1979-05-24,Single,,No,White,2014-11-10,,N/A-StillEmployed,Active,Software Engineering,10.0,LinkedIn,Fully Meets,3.04,3,4.0,1/2/2019,,19,44,David,Stanley
7,,,10062,1,1,5,3.0,0.0,"59,365.00",0,Production Technician I,MA,2199,1983-02-18,Widowed,US Citizen,No,White,2013-09-30,,N/A-StillEmployed,Active,Production       ,19.0,,Fully Meets,5.0,4,,2/25/2019,0.0,19,40,Amy,Dunn
8,Bachiochi, Linda,10114,0,1,5,3.0,,"47,837.00",0,Production Technician I,MA,1902,1970-02-11,Single,US Citizen,No,Black or African American,2009-07-06,,N/A-StillEmployed,Active,Production       ,12.0,Diversity Job Fair,Fully Meets,4.46,3,,1/25/2019,0.0,4,53,Kissy,Sullivan
9,,,10250,1,1,3,3.0,0.0,"50,178.00",0,IT Support,MA,1886,1988-01-07,Divorced,US Citizen,No,White,2015-01-05,,N/A-StillEmployed,Active,IT/IS,7.0,Indeed,Fully Meets,5.0,5,,2/18/2019,0.0,16,35,Janet,King
10,,,10252,0,3,5,3.0,1.0,"54,670.00",1,Production Technician I,MA,1902,1974-01-12,Married,US Citizen,Yes,Black or African American,2011-01-10,2017-01-12,Another position,Voluntarily Terminated,,14.0,Diversity Job Fair,Fully Meets,4.2,4,,1/30/2016,,12,49,Kelley,Spirea
11,,,10242,1,3,5,3.0,,"47,211.00",1,Production Technician I,MA,2062,1974-02-21,Married,US Citizen,Yes,Black or African American,2012-04-02,2016-09-19,unhappy,Voluntarily Terminated,,20.0,Diversity Job Fair,Fully Meets,4.2,3,0.0,5/6/2016,,15,49,John,Smith
12,Barbossa, Hector,10012,1,1,3,,,"92,328.00",0,Data Analyst,TX,78230,1988-07-04,Divorced,US Citizen,No,,2014-11-10,,N/A-StillEmployed,Active,,4.0,Diversity Job Fair,Exceeds,4.28,4,,,,9,35,Peter,Monroe
13,Barone, Francesco  A,10265,1,1,5,3.0,,"58,709.00",0,Production Technician I,MA,1810,1983-07-20,Single,,No,Two or more races,2012-02-20,,N/A-StillEmployed,Active,,18.0,Google Search,Fully Meets,4.6,4,,,0.0,7,40,Lynn,Daneault
14,Barton, Nader,10066,1,3,5,3.0,,"52,505.00",1,Production Technician I,MA,2747,1977-07-15,Divorced,US Citizen,No,White,2012-09-24,2017-04-06,Another position,Voluntarily Terminated,Production       ,22.0,On-line Web application,Fully Meets,5.0,5,0.0,3/2/2017,,1,46,Alex,Sweetwater
15,Bates, Norman,10061,1,2,5,,,"57,834.00",1,Production Technician I,MA,2050,1981-10-18,Single,US Citizen,No,White,,2017-08-04,attendance,Terminated for Cause,,18.0,,Fully Meets,5.0,4,,4/5/2017,0.0,20,42,Jennifer,Zamora
16,Beak, Kimberly  ,10023,0,1,5,4.0,,"70,131.00",0,Production Technician II,MA,2145,1966-04-17,Married,US Citizen,No,White,2016-07-21,,,Active,,18.0,Employee Referral,Exceeds,4.4,3,0.0,,0.0,16,57,Brian,Champaigne
17,Beatrice, Courtney ,10055,0,1,5,3.0,,"59,026.00",0,Production Technician I,MA,1915,1970-10-27,Single,Eligible NonCitizen,No,White,2011-04-04,,N/A-StillEmployed,Active,,16.0,Google Search,Fully Meets,5.0,5,0.0,1/14/2019,0.0,12,53,Brandon,R. LeBlanc
18,Becker, Renee,10245,0,2,3,3.0,,"110,000.00",1,Database Administrator,MA,2026,1986-04-04,Single,US Citizen,Yes,,,2015-09-12,performance,Terminated for Cause,,4.0,Google Search,Fully Meets,4.5,4,5.0,1/15/2015,0.0,8,37,Eric,Dougall
19,,,10277,1,1,5,3.0,,"53,250.00",0,Production Technician I,MA,2452,1979-04-06,Single,US Citizen,No,,2013-07-08,,,Active,,,LinkedIn,Fully Meets,4.2,4,0.0,1/11/2019,0.0,13,44,Debra,Houlihan
20,,,10046,1,1,5,3.0,0.0,"51,044.00",0,Production Technician I,MA,2072,1970-12-22,Single,,Yes,White,,,N/A-StillEmployed,Active,,11.0,,Fully Meets,5.0,3,,1/14/2019,0.0,13,53,,
21,Biden, Lowan  M,10226,0,1,5,3.0,,"64,919.00",0,Production Technician I,MA,2027,1958-12-27,Divorced,US Citizen,No,,,,N/A-StillEmployed,Active,Production       ,19.0,,Fully Meets,4.2,3,,,,2,65,,
22,,,10003,0,1,5,4.0,,"62,910.00",0,Production Technician I,MA,2031,1989-09-01,Married,,No,White,2014-07-07,,N/A-StillEmployed,Active,Production       ,12.0,Indeed,Exceeds,5.0,3,0.0,2/27/2019,0.0,19,34,,
23,Blount, Dianna,10294,0,1,5,2.0,0.0,"66,441.00",0,Production Technician II,MA,2171,1990-09-21,Single,US Citizen,No,White,2011-04-04,,,Active,Production       ,22.0,CareerBuilder,Needs Improvement,2.0,3,0.0,,2.0,3,33,,
24,,,10267,0,3,5,3.0,0.0,"57,815.00",1,Production Technician II,MA,2210,1967-01-16,Single,US Citizen,No,White,2011-01-10,2014-04-04,career change,Voluntarily Terminated,Production       ,16.0,Google Search,Fully Meets,4.8,5,0.0,3/4/2014,0.0,5,56,,
25,Booth, Frank,10199,1,2,3,3.0,0.0,"103,613.00",1,Enterprise Architect,CT,6033,1964-07-30,Single,US Citizen,No,Black or African American,,2016-02-19,Learned that he is a gangster,Terminated for Cause,,4.0,LinkedIn,Fully Meets,3.5,5,,1/10/2016,,2,59,,
26,,,10081,0,1,1,3.0,,"106,367.00",0,Sr. Accountant,MA,2468,1987-04-04,Married,US Citizen,No,Black or African American,2015-02-16,,N/A-StillEmployed,Active,Admin Offices,3.0,Diversity Job Fair,Fully Meets,5.0,4,,2/18/2019,0.0,4,36,,
27,,,10175,1,3,5,3.0,,"74,312.00",1,Production Manager,MA,1901,1970-03-10,Single,US Citizen,No,Asian,2013-09-30,,retiring,Voluntarily Terminated,,2.0,Indeed,Fully Meets,3.39,3,,2/20/2014,,14,53,,
28,,,10177,0,3,5,3.0,,"53,492.00",1,Production Technician I,MA,1701,1990-08-24,Married,US Citizen,No,,,2013-06-15,,Voluntarily Terminated,,14.0,Google Search,Fully Meets,3.35,4,,3/4/2013,,6,33,,
29,,,10238,0,1,1,3.0,,"63,000.00",0,Accountant I,MA,1450,1987-11-24,Married,,No,Black or African American,2008-10-27,,N/A-StillEmployed,Active,Admin Offices,1.0,Diversity Job Fair,Fully Meets,4.5,2,,,0.0,14,36,,
30,Buccheri, Joseph  ,10184,1,1,5,3.0,0.0,"65,288.00",0,Production Technician II,MA,1013,1983-07-28,Single,US Citizen,No,White,2014-09-29,,N/A-StillEmployed,Active,,,,Fully Meets,3.19,3,0.0,,0.0,9,40,,
31,Bugali, Josephine ,10203,0,1,5,3.0,1.0,"64,375.00",0,Production Technician I,MA,2043,1969-10-30,Separated,US Citizen,No,Black or African American,2013-11-11,,N/A-StillEmployed,Active,Production       ,20.0,Diversity Job Fair,Fully Meets,3.5,5,0.0,1/21/2019,0.0,17,54,,
32,,,10188,0,3,6,3.0,,"74,326.00",1,Area Sales Manager,VA,21851,1964-06-01,Married,Eligible NonCitizen,No,Black or African American,2011-08-15,2014-08-02,,Voluntarily Terminated,Sales,17.0,Google Search,Fully Meets,3.14,5,0.0,2/10/2013,,19,59,,
33,Burke, Joelle,10107,0,1,5,3.0,,"63,763.00",0,Production Technician II,MA,2148,1980-03-02,Single,US Citizen,No,Black or African American,2012-03-05,,N/A-StillEmployed,Active,Production       ,11.0,Employee Referral,Fully Meets,4.51,4,0.0,2/21/2019,,3,43,,
34,,,10181,1,1,5,3.0,,"62,162.00",0,Production Technician II,MA,1890,1977-08-19,Married,US Citizen,No,White,2011-04-04,,N/A-StillEmployed,Active,,19.0,Indeed,Fully Meets,3.25,5,0.0,,0.0,15,46,,
35,,,10150,1,1,4,3.0,,"77,692.00",0,Software Engineering Manager,MA,2184,1966-11-22,Single,US Citizen,No,White,,,N/A-StillEmployed,Active,Software Engineering,5.0,,Fully Meets,3.84,3,5.0,1/21/2019,0.0,4,57,,
36,Candie, Calvin,10001,1,1,5,4.0,,"72,640.00",0,Production Manager,MA,2169,1983-08-09,Single,US Citizen,No,White,,,N/A-StillEmployed,Active,,2.0,,Exceeds,5.0,3,,2/22/2019,,14,40,,
37,Carabbio, Judith,10085,0,1,4,3.0,0.0,"93,396.00",0,Software Engineer,MA,2132,1987-04-05,Single,US Citizen,No,White,,,N/A-StillEmployed,Active,Software Engineering,10.0,,Fully Meets,4.96,4,6.0,1/30/2019,,3,36,,
38,Carey, Michael  ,10115,1,1,5,,0.0,"52,846.00",0,Production Technician I,MA,1701,1983-02-02,Single,,No,Black or African American,2014-03-31,,,Active,,18.0,LinkedIn,Fully Meets,4.43,3,0.0,,0.0,14,40,,
39,,,10082,0,1,3,3.0,0.0,"100,031.00",0,Sr. DBA,MA,1886,1986-06-06,Single,,No,Black or African American,,,N/A-StillEmployed,Active,,4.0,,Fully Meets,5.0,5,,2/18/2019,0.0,7,37,,
40,Carter, Michelle ,10040,0,1,6,3.0,0.0,"71,860.00",0,Area Sales Manager,VT,5664,1963-05-15,Single,,No,,2014-08-18,,N/A-StillEmployed,Active,Sales,17.0,Indeed,Fully Meets,5.0,5,0.0,1/21/2019,,7,60,,
41,Chace, Beatrice ,10067,0,1,5,3.0,,"61,656.00",0,Production Technician I,MA,2763,1951-01-02,Single,US Citizen,No,White,2014-09-29,,N/A-StillEmployed,Active,Production       ,22.0,Google Search,Fully Meets,5.0,4,,2/12/2019,,11,72,,
42,Champaigne, Brian,10108,1,1,3,,,"110,929.00",0,BI Director,MA,2045,1972-02-09,Married,US Citizen,No,White,,,N/A-StillEmployed,Active,,5.0,Indeed,Fully Meets,4.5,5,,1/15/2019,0.0,8,51,,
43,Chan, Lin,10210,0,1,5,3.0,,"54,237.00",0,Production Technician I,MA,2170,1979-02-12,Single,US Citizen,No,,2014-05-12,,N/A-StillEmployed,Active,Production       ,16.0,Indeed,Fully Meets,3.3,4,0.0,2/19/2019,0.0,11,44,,
44,,,10154,1,1,5,3.0,0.0,"60,380.00",0,Production Technician I,MA,1845,1983-08-24,Single,,No,White,,,N/A-StillEmployed,Active,Production       ,,LinkedIn,Fully Meets,3.8,5,0.0,1/14/2019,0.0,4,40,,
45,Chigurh, Anton,10200,1,1,6,3.0,,"66,808.00",0,Area Sales Manager,TX,78207,1970-06-11,Single,Eligible NonCitizen,No,Black or African American,,,N/A-StillEmployed,Active,Sales,21.0,Employee Referral,Fully Meets,3.0,5,,1/19/2019,,17,53,,
46,Chivukula, Enola,10240,0,3,5,,,"64,786.00",1,Production Technician I,MA,1775,1983-08-27,Single,US Citizen,No,White,,2015-11-15,relocation out of area,Voluntarily Terminated,Production       ,11.0,Indeed,Fully Meets,4.3,4,0.0,3/10/2015,,3,40,,
47,CIERPISZEWSKI, CAROLINE  ,10168,0,1,5,3.0,0.0,"64,816.00",0,Production Technician I,MA,2044,1988-05-31,Single,Non-Citizen,No,Black or African American,2011-10-03,,N/A-StillEmployed,Active,Production       ,19.0,,Fully Meets,3.58,5,0.0,,0.0,3,35,,
48,Clayton, Rick,10220,1,1,3,,0.0,"68,678.00",0,IT Support,MA,2170,1985-09-05,Single,US Citizen,No,,2012-09-05,,N/A-StillEmployed,Active,IT/IS,6.0,Indeed,Fully Meets,4.7,3,,,,2,38,,
49,Cloninger, Jennifer,10275,0,3,5,3.0,0.0,"64,066.00",1,Production Technician II,MA,1752,1981-08-31,Married,US Citizen,No,,,2013-01-07,unhappy,Voluntarily Terminated,,12.0,Google Search,Fully Meets,4.2,5,0.0,,0.0,9,42,,
50,,,10269,1,3,5,3.0,0.0,"59,369.00",1,Production Technician II,MA,2169,1978-11-25,Married,,No,White,2010-08-30,2011-09-26,career change,Voluntarily Terminated,,14.0,Indeed,Fully Meets,4.2,4,0.0,,0.0,6,45,,
51,,,10029,1,1,5,4.0,0.0,"50,373.00",0,Production Technician I,MA,2134,1980-08-26,Married,,No,,2016-07-06,,,Active,Production       ,12.0,Employee Referral,Exceeds,4.1,4,,,0.0,5,43,,
52,,,10261,1,1,5,3.0,0.0,"63,108.00",0,Production Technician I,MA,2452,1977-09-08,Single,US Citizen,No,White,2013-07-08,,,Active,Production       ,14.0,,Fully Meets,4.4,5,0.0,1/14/2019,,3,46,,
53,,,10292,1,2,5,2.0,0.0,"59,144.00",1,Production Technician I,MA,1880,1979-08-12,Single,,No,Black or African American,2011-07-11,2016-09-23,performance,Terminated for Cause,Production       ,20.0,,Needs Improvement,2.0,3,,,,16,44,,
54,,,10282,1,1,5,2.0,0.0,"68,051.00",0,Production Manager,MA,1803,1975-12-17,Divorced,US Citizen,No,White,2010-07-20,,N/A-StillEmployed,Active,Production       ,2.0,CareerBuilder,Needs Improvement,4.13,2,0.0,1/14/2019,3.0,3,48,,
55,,,10019,1,1,5,4.0,0.0,"170,500.00",0,Director of Operations,MA,2030,1983-03-19,Single,US Citizen,No,Black or African American,2009-01-05,,,Active,Production       ,2.0,Indeed,Exceeds,3.7,5,0.0,2/4/2019,0.0,15,40,,
56,,,10094,0,1,5,3.0,,"63,381.00",0,Production Technician I,MA,2189,1977-03-31,Married,US Citizen,Yes,White,,,N/A-StillEmployed,Active,Production       ,18.0,Indeed,Fully Meets,4.73,5,0.0,2/14/2019,0.0,6,46,,
57,Costello, Frank,10193,1,1,3,3.0,,"83,552.00",0,Data Analyst,MA,1810,1986-08-26,Married,US Citizen,No,White,2015-03-30,,N/A-StillEmployed,Active,,4.0,Indeed,Fully Meets,3.04,3,6.0,1/22/2019,0.0,2,37,,
58,Crimmings,   Jean,10132,0,1,5,3.0,0.0,"56,149.00",0,Production Technician I,MA,1821,1987-04-10,Single,US Citizen,No,White,2016-07-06,,N/A-StillEmployed,Active,,22.0,LinkedIn,Fully Meets,4.12,5,0.0,1/28/2019,0.0,15,36,,
59,,,10083,1,1,3,3.0,0.0,"92,329.00",0,Sr. Network Engineer,CT,6278,1965-09-09,Single,US Citizen,No,White,2014-11-10,,N/A-StillEmployed,Active,IT/IS,7.0,Employee Referral,Fully Meets,5.0,3,,1/2/2019,0.0,5,58,,
60,Daneault, Lynn,10099,0,1,6,3.0,0.0,"65,729.00",0,Sales Manager,VT,5473,1990-04-19,Single,US Citizen,No,White,2014-05-05,,N/A-StillEmployed,Active,,15.0,Indeed,Fully Meets,4.62,4,0.0,1/24/2019,0.0,8,33,,
61,Daniele, Ann  ,10212,0,1,3,3.0,0.0,"85,028.00",0,Sr. Network Engineer,CT,6033,1952-01-18,Married,US Citizen,No,,2014-11-10,,N/A-StillEmployed,Active,,7.0,LinkedIn,Fully Meets,3.1,5,8.0,2/12/2019,,19,71,,
62,Darson, Jene'ya ,10056,0,1,5,3.0,,"57,583.00",0,Production Technician I,MA,2110,1978-11-05,Married,US Citizen,No,White,2012-07-02,,N/A-StillEmployed,Active,Production       ,16.0,Indeed,Fully Meets,5.0,3,0.0,2/25/2019,0.0,1,45,,
63,,,10143,1,1,5,3.0,0.0,"56,294.00",0,Production Technician II,MA,2458,1979-09-14,Single,,No,Two or more races,2011-11-07,,N/A-StillEmployed,Active,Production       ,20.0,LinkedIn,Fully Meets,3.96,4,,2/27/2019,0.0,6,44,,
64,,,10311,1,1,6,1.0,0.0,"56,991.00",0,Production Technician I,MA,2138,1988-04-15,Married,US Citizen,No,White,2018-07-09,,N/A-StillEmployed,Active,Production       ,12.0,Indeed,Fully Meets,4.3,4,3.0,1/31/2019,2.0,2,35,,
65,DeGweck,  James,10070,1,3,5,,0.0,"55,722.00",1,Production Technician I,MA,1810,1977-10-31,Married,US Citizen,No,,2011-05-16,2016-06-08,unhappy,Voluntarily Terminated,,39.0,Indeed,Fully Meets,5.0,4,0.0,4/2/2016,,14,46,,
66,,,10155,0,1,4,3.0,,"101,199.00",0,Software Engineer,MA,2176,1979-07-05,Single,US Citizen,No,Black or African American,2012-01-09,,N/A-StillEmployed,Active,Software Engineering,10.0,CareerBuilder,Fully Meets,3.79,5,,,,8,44,,
67,,,10306,1,1,6,1.0,,"61,568.00",0,Area Sales Manager,AL,36006,1975-11-02,Single,US Citizen,No,Two or more races,2014-09-29,,N/A-StillEmployed,Active,Sales,17.0,Indeed,PIP,1.93,3,0.0,,,5,48,,
68,Demita, Carla,10100,0,3,5,3.0,,"58,275.00",1,Production Technician II,MA,2343,1951-02-25,Separated,US Citizen,No,Black or African American,2011-04-04,2015-11-04,more money,Voluntarily Terminated,,18.0,,Fully Meets,4.62,5,0.0,,0.0,1,72,,
69,,,10310,1,1,5,1.0,,"53,189.00",0,Production Technician I,MA,2061,1967-04-19,Married,,No,White,2014-07-07,,N/A-StillEmployed,Active,,11.0,Indeed,PIP,1.12,2,,,4.0,9,56,,
70,,,10197,1,1,3,3.0,,"96,820.00",0,BI Developer,MA,2045,1983-09-04,Single,US Citizen,No,White,,,,Active,IT/IS,13.0,Indeed,Fully Meets,3.01,5,,1/23/2019,,15,40,,
71,Dickinson, Geoff ,10276,1,1,5,3.0,0.0,"51,259.00",0,Production Technician I,MA,2180,1982-11-15,Single,US Citizen,No,,2014-05-12,,N/A-StillEmployed,Active,Production       ,19.0,Indeed,Fully Meets,4.3,4,0.0,,,1,41,,
72,Dietrich, Jenna  ,10304,0,1,6,1.0,0.0,"59,231.00",0,Area Sales Manager,WA,98052,1987-05-14,Single,US Citizen,Yes,White,2012-02-20,,,Active,Sales,17.0,Website,PIP,2.3,1,0.0,,2.0,17,36,,
73,,,10284,0,1,5,2.0,,"61,584.00",0,Production Technician I,MA,2351,1978-12-02,Married,US Citizen,No,,2013-01-07,,N/A-StillEmployed,Active,Production       ,12.0,Indeed,Needs Improvement,3.88,4,,1/18/2019,,6,45,,
74,,,10207,0,1,5,3.0,0.0,"46,335.00",0,Production Technician I,MA,2125,1986-10-07,Single,,Yes,,2012-04-02,,N/A-StillEmployed,Active,,14.0,CareerBuilder,Fully Meets,3.4,5,0.0,,0.0,15,37,,
75,,,10133,0,1,3,3.0,,"70,621.00",0,IT Support,MA,2119,1988-07-18,Married,US Citizen,No,White,2015-01-05,,,Active,,7.0,Employee Referral,Fully Meets,4.11,4,,2/25/2019,,16,35,,
76,,,10028,1,1,3,4.0,,"138,888.00",0,IT Manager - Support,MA,1886,1970-07-09,Single,US Citizen,No,Black or African American,,,N/A-StillEmployed,Active,,5.0,,Exceeds,4.3,5,,1/4/2019,0.0,4,53,,
77,Driver, Elle,10006,0,1,6,4.0,0.0,"74,241.00",0,Area Sales Manager,CA,90007,1988-11-08,Single,US Citizen,No,White,2011-01-10,,N/A-StillEmployed,Active,,21.0,Indeed,Exceeds,4.77,5,0.0,,,14,35,,
78,,,10105,0,1,5,3.0,0.0,"75,188.00",0,Production Manager,MA,1731,1973-11-28,Single,,No,White,,,,Active,,2.0,Google Search,Fully Meets,4.52,4,0.0,,,4,50,,
79,,,10211,0,1,5,3.0,0.0,"62,514.00",0,Production Technician I,MA,1749,1973-09-23,Married,,No,White,,,,Active,Production       ,19.0,Google Search,Fully Meets,2.9,3,0.0,1/21/2019,,6,50,,
80,,,10064,0,3,5,,,"60,070.00",1,Production Technician I,MA,2343,1991-09-05,Married,US Citizen,No,White,,2017-06-06,military,Voluntarily Terminated,Production       ,20.0,,Fully Meets,5.0,3,,4/9/2017,,7,32,,
81,,,10247,1,1,5,3.0,0.0,"48,888.00",0,Production Technician I,MA,2026,1974-05-31,Single,US Citizen,No,White,,,N/A-StillEmployed,Active,,18.0,,Fully Meets,4.7,5,,2/13/2019,,8,49,,
82,,,10235,1,1,5,3.0,0.0,"54,285.00",0,Production Technician I,MA,2045,1978-08-25,Married,US Citizen,No,White,2014-03-31,,N/A-StillEmployed,Active,Production       ,18.0,Employee Referral,Fully Meets,4.2,3,0.0,,0.0,3,45,,
83,Erilus, Angela,10299,0,1,5,1.0,0.0,"56,847.00",0,Production Technician II,MA,2133,1989-08-25,Separated,US Citizen,No,White,2014-07-07,,,Active,Production       ,22.0,Indeed,PIP,3.0,1,0.0,2/25/2019,2.0,5,34,,
84,,,10280,1,2,5,2.0,0.0,"60,340.00",1,Production Technician I,MA,2129,1983-09-02,Single,US Citizen,No,White,,2018-09-27,,Terminated for Cause,,22.0,Google Search,Needs Improvement,5.0,4,,4/12/2018,5.0,16,40,,
85,,,10296,0,2,5,2.0,0.0,"59,124.00",1,Production Technician I,MA,2458,1989-05-06,Single,US Citizen,No,White,,2018-02-25,"no-call, no-show",Terminated for Cause,Production       ,16.0,,Needs Improvement,2.3,3,0.0,1/15/2017,5.0,19,34,,
86,Exantus, Susan,10290,0,2,4,2.0,0.0,"99,280.00",1,Software Engineer,MA,1749,1987-05-15,Married,,No,Black or African American,2011-05-02,2013-06-05,attendance,Terminated for Cause,,10.0,Indeed,Needs Improvement,2.1,5,4.0,8/10/2012,4.0,19,36,,
87,Faller, Megan ,10263,0,1,5,3.0,,"71,776.00",0,Production Technician II,MA,1824,1978-09-22,Married,US Citizen,No,Black or African American,,,N/A-StillEmployed,Active,,16.0,,Fully Meets,4.4,5,0.0,2/22/2019,0.0,17,45,,
88,,,10136,0,1,5,3.0,,"65,902.00",0,Production Technician II,MA,2324,1987-09-27,Single,,No,Black or African American,,,N/A-StillEmployed,Active,Production       ,,LinkedIn,Fully Meets,4.0,4,0.0,1/7/2019,0.0,7,36,,
89,,,10189,0,3,5,3.0,0.0,"57,748.00",1,Production Technician I,MA,2176,1955-04-14,Married,US Citizen,No,White,2011-11-07,2016-05-17,military,Voluntarily Terminated,Production       ,39.0,,Fully Meets,3.13,3,,,0.0,16,68,,
90,,,10308,1,1,5,1.0,,"64,057.00",0,Production Technician I,MA,2132,1989-10-18,Married,US Citizen,No,White,2015-05-11,,N/A-StillEmployed,Active,Production       ,11.0,,PIP,1.56,5,,,,15,34,,
91,,,10309,1,1,3,1.0,,"53,366.00",0,Network Engineer,MA,2138,1987-06-18,Single,US Citizen,No,White,,,N/A-StillEmployed,Active,IT/IS,7.0,LinkedIn,PIP,1.2,3,,,3.0,2,36,,
92,Fidelia,  Libby,10049,0,1,5,3.0,0.0,"58,530.00",0,Production Technician I,MA,2155,1981-03-16,Married,US Citizen,No,White,2012-01-09,,N/A-StillEmployed,Active,,12.0,,Fully Meets,5.0,5,,1/29/2019,0.0,19,42,,
93,,,10093,1,3,5,3.0,0.0,"72,609.00",1,Production Technician II,MA,2143,1981-10-01,Single,,Yes,,2011-05-16,2013-06-24,hours,Voluntarily Terminated,Production       ,11.0,Google Search,Fully Meets,4.76,5,0.0,4/5/2013,0.0,20,42,,
94,,,10163,0,3,5,3.0,0.0,"55,965.00",1,Production Technician II,MA,2170,1983-11-08,Married,US Citizen,No,White,,2013-01-09,career change,Voluntarily Terminated,Production       ,19.0,Google Search,Fully Meets,3.66,3,,1/7/2012,,6,40,,
95,Forrest, Alex,10305,1,1,6,3.0,,"70,187.00",1,Area Sales Manager,MA,2330,1975-07-07,Married,US Citizen,No,White,,2018-08-19,Fatal attraction,Terminated for Cause,Sales,21.0,Employee Referral,PIP,2.0,5,,1/28/2019,4.0,7,48,,
96,,,10015,1,1,3,4.0,,"178,000.00",0,IT Director,MA,1460,1980-07-05,Single,US Citizen,No,,2011-04-15,,N/A-StillEmployed,Active,IT/IS,5.0,Indeed,Exceeds,5.0,5,5.0,1/7/2019,,15,43,,
97,Foster-Baker, Amy,10080,0,1,1,3.0,,"99,351.00",0,Sr. Accountant,MA,2050,1979-04-16,Married,US Citizen,no,White,2009-01-05,,N/A-StillEmployed,Active,,9.0,Other,Fully Meets,5.0,3,2.0,2/8/2019,,3,44,,
98,Fraval, Maruk ,10258,1,1,6,3.0,,"67,251.00",0,Area Sales Manager,CT,6050,1963-08-28,Single,US Citizen,No,Black or African American,2011-09-06,,N/A-StillEmployed,Active,,21.0,,Fully Meets,4.3,3,0.0,1/27/2019,,7,60,,
99,,,10273,0,1,3,3.0,,"65,707.00",0,IT Support,CT,6040,1968-07-06,Single,US Citizen,No,White,2010-05-01,,,Active,IT/IS,6.0,LinkedIn,Fully Meets,4.7,4,,,,1,55,,
100,Garcia, Raul,10111,1,1,5,3.0,0.0,"52,249.00",0,Production Technician I,MA,1905,1985-09-15,Single,US Citizen,Yes,White,2015-03-30,,N/A-StillEmployed,Active,Production       ,14.0,Employee Referral,Fully Meets,4.5,3,0.0,2/18/2019,0.0,5,38,,
101,,,10257,0,1,5,,0.0,"53,171.00",0,Production Technician I,MA,2121,1983-12-02,Single,,Yes,Black or African American,2011-05-16,,N/A-StillEmployed,Active,Production       ,18.0,LinkedIn,Fully Meets,4.2,4,0.0,2/26/2019,0.0,12,40,,
102,Gentry, Mildred,10159,0,1,5,3.0,0.0,"51,337.00",0,Production Technician I,MA,2145,1990-10-01,Married,US Citizen,No,,2015-03-30,,N/A-StillEmployed,Active,Production       ,22.0,LinkedIn,Fully Meets,3.73,3,0.0,,,19,33,,
103,,,10122,0,3,5,3.0,1.0,"51,505.00",1,Production Technician I,MA,2330,1970-05-15,Divorced,US Citizen,No,,,2016-11-15,hours,Voluntarily Terminated,Production       ,16.0,Diversity Job Fair,Fully Meets,4.24,4,,4/29/2016,0.0,2,53,,
104,,,10142,0,2,6,3.0,,"59,370.00",1,Area Sales Manager,OH,43050,1971-07-10,Widowed,US Citizen,No,Black or African American,2014-07-07,2015-09-05,attendance,Terminated for Cause,,17.0,CareerBuilder,Fully Meets,3.97,4,0.0,,0.0,7,52,,
105,Gilles, Alex,10283,1,3,5,2.0,1.0,"54,933.00",1,Production Technician I,MA,2062,1974-08-09,Married,US Citizen,No,,2012-04-02,2015-06-25,military,Voluntarily Terminated,,39.0,Diversity Job Fair,Needs Improvement,3.97,4,0.0,1/20/2015,,15,49,,
106,Girifalco, Evelyn,10018,0,1,5,4.0,0.0,"57,815.00",0,Production Technician I,MA,2451,1980-05-08,Single,US Citizen,Yes,Two or more races,,,N/A-StillEmployed,Active,,11.0,,Exceeds,3.9,4,0.0,2/7/2019,,3,43,,
107,,,10255,0,1,6,3.0,,"61,555.00",0,Area Sales Manager,IN,46204,1989-09-22,Single,US Citizen,No,,2015-02-16,,N/A-StillEmployed,Active,Sales,21.0,Indeed,Fully Meets,4.5,5,0.0,1/25/2019,0.0,20,34,,
108,,,10246,0,2,3,3.0,0.0,"114,800.00",1,Database Administrator,MA,2127,1971-10-23,Single,US Citizen,No,,,2015-03-15,"no-call, no-show",Terminated for Cause,IT/IS,4.0,Indeed,Fully Meets,4.6,4,4.0,,0.0,10,52,,
109,,,10228,1,1,3,3.0,0.0,"74,679.00",0,IT Support,MA,2135,1989-11-24,Married,US Citizen,Yes,White,2015-03-30,,,Active,IT/IS,7.0,LinkedIn,Fully Meets,4.3,5,7.0,1/10/2019,0.0,20,34,,
110,Gold, Shenice  ,10243,0,1,5,,,"53,018.00",0,Production Technician I,MA,2451,1992-06-18,Single,US Citizen,Yes,White,2013-11-11,,N/A-StillEmployed,Active,Production       ,19.0,,Fully Meets,4.3,5,0.0,2/18/2019,0.0,7,31,,
111,Gonzalez, Cayo,10031,1,1,5,,1.0,"59,892.00",0,Production Technician I,MA,2108,1969-09-29,Divorced,US Citizen,No,,2011-07-11,,N/A-StillEmployed,Active,Production       ,12.0,Diversity Job Fair,Exceeds,4.5,4,0.0,,0.0,1,54,,
112,,,10300,1,3,5,,,"68,898.00",1,Production Technician II,MA,2128,1964-10-12,Married,US Citizen,No,,2010-04-26,2011-05-30,,Voluntarily Terminated,Production       ,12.0,Diversity Job Fair,PIP,3.0,3,0.0,3/6/2011,,10,59,,
113,,,10101,0,1,3,3.0,0.0,"61,242.00",0,IT Support,MA,2472,1981-04-16,Separated,,Yes,White,2015-01-05,,N/A-StillEmployed,Active,IT/IS,7.0,Employee Referral,Fully Meets,4.61,4,,1/28/2019,0.0,11,42,,
114,Good, Susan,10237,0,1,5,3.0,0.0,"66,825.00",0,Production Technician II,MA,1886,1986-05-25,Married,US Citizen,No,White,,,N/A-StillEmployed,Active,Production       ,14.0,LinkedIn,Fully Meets,4.6,3,0.0,2/7/2019,0.0,20,37,,
115,,,10051,1,1,5,3.0,,"48,285.00",0,Production Technician I,MA,2169,1979-05-21,Married,US Citizen,No,,2012-07-02,,N/A-StillEmployed,Active,Production       ,14.0,LinkedIn,Fully Meets,5.0,3,0.0,1/14/2019,0.0,2,44,,
116,,,10218,0,1,5,,,"66,149.00",0,Production Technician II,MA,1824,1983-12-08,Separated,US Citizen,No,American Indian or Alaska Native,2013-09-30,,N/A-StillEmployed,Active,Production       ,20.0,Google Search,Fully Meets,4.4,5,,2/21/2019,,1,40,,
117,Goyal, Roxana,10256,0,1,5,3.0,0.0,"49,256.00",0,Production Technician I,MA,1864,1974-10-09,Married,,No,Asian,2013-08-19,,N/A-StillEmployed,Active,,20.0,LinkedIn,Fully Meets,4.1,5,0.0,2/15/2019,0.0,3,49,,
118,,,10098,1,1,5,3.0,0.0,"62,957.00",0,Production Manager,MA,1752,1981-07-11,Divorced,US Citizen,No,White,2015-06-02,,N/A-StillEmployed,Active,Production       ,2.0,Employee Referral,Fully Meets,4.63,3,,1/4/2019,,2,42,,
119,Gross, Paula,10059,0,3,5,3.0,,"63,813.00",1,Production Technician I,MA,2176,1983-05-21,Divorced,US Citizen,No,,2011-02-21,2014-01-11,more money,Voluntarily Terminated,Production       ,18.0,,Fully Meets,5.0,5,0.0,6/3/2013,0.0,17,40,,
120,Gruber, Hans,10234,1,1,3,3.0,,"99,020.00",0,BI Developer,MA,2134,1989-06-30,Married,,No,Black or African American,,,,Active,IT/IS,13.0,Indeed,Fully Meets,4.2,5,,1/28/2019,0.0,8,34,,
121,,,10109,1,3,6,3.0,,"71,707.00",1,Area Sales Manager,TN,37129,1969-02-09,Single,US Citizen,No,Two or more races,2012-03-07,2014-10-31,relocation out of area,Voluntarily Terminated,,17.0,LinkedIn,Fully Meets,4.5,5,0.0,2/1/2013,0.0,20,54,,
122,,,10125,0,1,5,3.0,0.0,"54,828.00",0,Production Technician I,MA,2127,1977-03-23,Married,US Citizen,No,,2011-11-28,,N/A-StillEmployed,Active,,22.0,Google Search,Fully Meets,4.2,4,0.0,2/22/2019,0.0,13,46,,
123,,,10074,1,1,5,3.0,0.0,"64,246.00",0,Production Technician II,MA,2155,1988-08-10,Single,US Citizen,Yes,,2013-11-11,,N/A-StillEmployed,Active,Production       ,18.0,LinkedIn,Fully Meets,5.0,3,0.0,1/8/2019,0.0,20,35,,
124,Harrington, Christie ,10097,0,3,5,3.0,,"52,177.00",1,Production Technician I,MA,2324,1952-08-18,Single,US Citizen,No,White,,2015-12-15,,Voluntarily Terminated,,39.0,CareerBuilder,Fully Meets,4.64,4,0.0,5/2/2015,0.0,8,71,,
125,Harrison, Kara,10007,0,1,5,4.0,,"62,065.00",0,Production Technician I,MA,1886,1974-05-02,Married,US Citizen,No,White,2014-05-12,,N/A-StillEmployed,Active,Production       ,11.0,,Exceeds,4.76,4,0.0,,0.0,5,49,,
126,Heitzman, Anthony,10129,1,1,5,3.0,,"46,998.00",0,Production Technician I,MA,2149,1984-01-04,Single,US Citizen,No,,2012-08-13,,,Active,Production       ,19.0,Google Search,Fully Meets,4.17,4,0.0,2/11/2019,0.0,1,39,,
127,Hendrickson, Trina,10075,0,3,5,3.0,,"68,099.00",1,Production Technician II,MA,2021,1972-08-27,Single,,No,,2011-01-10,2013-06-18,hours,Voluntarily Terminated,Production       ,18.0,CareerBuilder,Fully Meets,5.0,3,0.0,1/30/2013,,15,51,,
128,Hitchcock, Alfred,10167,1,1,6,3.0,0.0,"70,545.00",0,Area Sales Manager,NH,3062,1988-09-14,Married,US Citizen,No,American Indian or Alaska Native,2014-08-18,,N/A-StillEmployed,Active,Sales,17.0,Indeed,Fully Meets,3.6,5,0.0,1/30/2019,,9,35,,
129,HOMBERGER, ADRIENNE  J,10195,0,3,5,3.0,,"63,478.00",1,Production Technician II,MA,2445,1984-02-16,Married,Non-Citizen,No,White,2011-08-15,2012-04-07,relocation out of area,Voluntarily Terminated,Production       ,30.0,Indeed,Fully Meets,3.03,5,0.0,3/5/2012,,16,39,,
130,,,10112,0,1,3,3.0,,"97,999.00",0,Database Administrator,MA,2493,1984-02-21,Single,US Citizen,No,,,,N/A-StillEmployed,Active,IT/IS,4.0,Indeed,Fully Meets,4.48,5,,1/3/2019,0.0,4,39,,
131,Houlihan, Debra,10272,0,1,6,3.0,,"180,000.00",0,Director of Sales,RI,2908,1966-03-17,Married,US Citizen,No,White,2014-05-05,,,Active,,2.0,LinkedIn,Fully Meets,4.5,4,0.0,,0.0,19,57,,
132,,,10182,0,1,1,3.0,0.0,"49,920.00",1,Administrative Assistant,MA,2170,1985-09-16,Married,US Citizen,No,Black or African American,2015-02-16,,"no-call, no-show",Terminated for Cause,,1.0,Indeed,Fully Meets,3.24,3,4.0,4/15/2015,0.0,6,38,,
133,Hudson, Jane,10248,0,1,5,3.0,0.0,"55,425.00",0,Production Technician I,MA,2176,1986-06-10,Single,US Citizen,No,,2012-02-20,,N/A-StillEmployed,Active,Production       ,19.0,LinkedIn,Fully Meets,4.8,4,0.0,1/7/2019,0.0,4,37,,
134,Hunts, Julissa,10201,0,1,5,3.0,0.0,"69,340.00",0,Production Technician II,MA,2021,1984-03-11,Single,US Citizen,No,White,,,N/A-StillEmployed,Active,Production       ,16.0,LinkedIn,Fully Meets,3.0,5,0.0,,0.0,4,39,,
135,Hutter, Rosalie,10214,0,1,5,3.0,,"64,995.00",0,Production Technician II,MA,2351,1992-05-07,Separated,US Citizen,No,White,2015-06-05,,N/A-StillEmployed,Active,,,Indeed,Fully Meets,4.5,3,,2/14/2019,0.0,6,31,,
136,Huynh, Ming,10160,0,3,5,3.0,0.0,"68,182.00",1,Production Technician II,MA,1742,1976-09-22,Divorced,,No,White,2011-02-21,2013-04-01,,Voluntarily Terminated,Production       ,11.0,Google Search,Fully Meets,3.72,3,0.0,2/1/2013,0.0,18,47,,
137,IMMEDIATO, WALTER,10289,1,3,5,2.0,,"83,082.00",1,Production Manager,MA,2128,1976-11-15,Married,US Citizen,No,Asian,2011-02-21,2012-09-24,,Voluntarily Terminated,Production       ,2.0,,Needs Improvement,2.34,2,0.0,4/12/2012,,4,47,,
138,,,10139,0,1,5,3.0,0.0,"51,908.00",0,Production Technician I,MA,1775,1991-01-28,Single,US Citizen,No,White,2013-08-19,,N/A-StillEmployed,Active,,12.0,Indeed,Fully Meets,3.99,3,0.0,1/14/2019,0.0,14,32,,
139,Jackson, Maryellen,10227,0,1,5,3.0,,"61,242.00",0,Production Technician I,MA,2081,1972-09-11,Single,US Citizen,No,,2012-11-05,,N/A-StillEmployed,Active,Production       ,14.0,LinkedIn,Fully Meets,4.1,3,0.0,1/17/2019,0.0,7,51,,
140,Jacobi, Hannah  ,10236,0,1,5,,,"45,069.00",0,Production Technician I,MA,1778,1966-03-22,Divorced,US Citizen,No,,2013-09-30,,,Active,Production       ,20.0,Employee Referral,Fully Meets,4.3,5,,2/22/2019,,7,57,,
141,Jeannite, Tayana,10009,0,1,5,4.0,0.0,"60,724.00",0,Production Technician II,MA,1821,1986-11-06,Divorced,US Citizen,No,,2011-07-05,,N/A-StillEmployed,Active,,19.0,LinkedIn,Exceeds,4.6,4,0.0,2/25/2019,0.0,11,37,,
142,Jhaveri, Sneha  ,10060,0,1,5,3.0,,"60,436.00",0,Production Technician I,MA,2109,1964-04-13,Separated,US Citizen,No,White,2014-01-06,,N/A-StillEmployed,Active,,18.0,LinkedIn,Fully Meets,5.0,5,0.0,1/21/2019,0.0,9,59,,
143,Johnson, George,10034,1,3,5,4.0,0.0,"46,837.00",1,Production Technician I,MA,2445,1959-08-19,Married,US Citizen,No,White,2011-11-07,2018-04-29,more money,Voluntarily Terminated,Production       ,22.0,CareerBuilder,Exceeds,4.7,4,0.0,2/14/2018,0.0,9,64,,
144,,,10156,0,1,3,3.0,,"105,700.00",0,Database Administrator,MA,2301,1986-11-07,Married,US Citizen,No,Asian,2015-01-05,,N/A-StillEmployed,Active,,4.0,Indeed,Fully Meets,3.75,3,5.0,2/11/2019,0.0,2,37,,
145,JOHNSTON, YEN,10036,0,1,5,4.0,0.0,"63,322.00",0,Production Technician II,MA,2128,1969-09-08,Single,US Citizen,No,,2014-07-07,,,Active,,12.0,LinkedIn,Exceeds,4.3,3,0.0,1/11/2019,,1,54,,
146,,,10138,0,3,5,3.0,0.0,"61,154.00",1,Production Technician I,MA,2446,1986-04-17,Married,US Citizen,No,Black or African American,2011-01-10,2016-04-01,unhappy,Voluntarily Terminated,,16.0,CareerBuilder,Fully Meets,4.0,4,0.0,2/3/2016,0.0,4,37,,
147,Kampew, Donysha,10244,0,3,6,3.0,,"68,999.00",1,Sales Manager,PA,19444,1989-11-11,Single,US Citizen,No,White,,2014-04-24,,Voluntarily Terminated,Sales,15.0,Google Search,Fully Meets,4.5,5,0.0,3/30/2013,0.0,2,34,,
148,Keatts, Kramer ,10192,1,1,5,3.0,0.0,"50,482.00",0,Production Technician I,MA,1887,1976-01-19,Single,US Citizen,No,White,2013-09-30,,N/A-StillEmployed,Active,,22.0,Indeed,Fully Meets,3.07,4,0.0,1/23/2019,0.0,10,47,,
149,,,10231,1,1,6,3.0,,"65,310.00",0,Area Sales Manager,CO,80820,1979-11-27,Single,US Citizen,No,White,2013-08-19,,N/A-StillEmployed,Active,,21.0,Indeed,Fully Meets,4.3,5,,1/22/2019,,13,44,,
150,King, Janet,10089,0,1,2,3.0,0.0,"250,000.00",0,President & CEO,MA,1902,1954-09-21,Married,US Citizen,Yes,White,2012-07-02,,N/A-StillEmployed,Active,Executive Office,9.0,Indeed,Fully Meets,4.83,3,0.0,1/17/2019,,10,69,,
151,Kinsella, Kathleen  ,10166,0,3,5,3.0,0.0,"54,005.00",1,Production Technician I,MA,2170,1973-12-08,Married,US Citizen,No,,2011-09-26,2015-06-04,more money,Voluntarily Terminated,Production       ,39.0,Google Search,Fully Meets,3.6,5,,3/1/2015,0.0,16,50,,
152,,,10170,0,3,5,3.0,0.0,"45,433.00",1,Production Technician I,MA,2127,1970-10-08,Married,US Citizen,No,White,2011-09-26,2014-01-09,,Voluntarily Terminated,Production       ,11.0,Google Search,Fully Meets,3.49,4,0.0,1/30/2013,,6,53,,
153,,,10208,1,1,5,3.0,0.0,"46,654.00",0,Production Technician I,MA,1721,1977-11-10,Single,US Citizen,No,Black or African American,2014-02-17,,N/A-StillEmployed,Active,Production       ,19.0,LinkedIn,Fully Meets,3.1,3,0.0,2/6/2019,0.0,3,46,,
154,,,10176,1,1,5,,0.0,"63,973.00",0,Production Technician I,MA,1801,1980-02-02,Married,US Citizen,No,,2011-01-10,,,Active,,12.0,Indeed,Fully Meets,3.38,3,0.0,,,17,43,,
155,,,10165,1,1,6,3.0,1.0,"71,339.00",0,Area Sales Manager,NY,10171,1969-02-24,Single,US Citizen,Yes,Black or African American,2011-03-07,,N/A-StillEmployed,Active,Sales,17.0,Diversity Job Fair,Fully Meets,3.65,5,,1/17/2019,0.0,20,54,,
156,Lajiri,  Jyoti,10113,1,1,3,3.0,0.0,"93,206.00",0,Sr. Network Engineer,MA,2169,1986-04-23,Married,US Citizen,No,White,2014-11-10,,N/A-StillEmployed,Active,IT/IS,7.0,Employee Referral,Fully Meets,4.46,5,6.0,1/7/2019,,7,37,,
157,,,10092,1,2,5,3.0,,"82,758.00",1,Production Manager,MA,1890,1972-07-01,Married,US Citizen,No,,2011-01-10,2015-12-12,attendance,Terminated for Cause,,2.0,Employee Referral,Fully Meets,4.78,4,,2/15/2015,0.0,9,51,,
158,Langford, Lindsey,10106,0,3,5,3.0,0.0,"66,074.00",1,Production Technician II,MA,2090,1979-07-25,Divorced,US Citizen,No,Asian,2013-01-07,2014-03-31,Another position,Voluntarily Terminated,Production       ,14.0,Indeed,Fully Meets,4.52,3,0.0,2/20/2014,0.0,20,44,,
159,,,10052,1,1,5,3.0,,"46,120.00",0,Production Technician I,MA,2048,1986-12-09,Married,US Citizen,No,White,2012-07-09,,N/A-StillEmployed,Active,,14.0,LinkedIn,Fully Meets,5.0,5,,2/4/2019,,13,37,,
160,LaRotonda, William  ,10038,1,1,1,,0.0,"64,520.00",0,Accountant I,MA,1460,1984-04-26,Divorced,US Citizen,No,,2014-01-06,,N/A-StillEmployed,Active,Admin Offices,1.0,Website,Fully Meets,5.0,4,,1/17/2019,0.0,3,39,,
161,Latif, Mohammed,10249,1,3,5,3.0,0.0,"61,962.00",1,Production Technician II,MA,2126,1984-05-09,Married,US Citizen,No,White,2012-04-02,2013-04-15,more money,Voluntarily Terminated,,20.0,Google Search,Fully Meets,4.9,3,0.0,2/20/2013,,20,39,,
162,,,10232,0,1,3,3.0,0.0,"81,584.00",0,Senior BI Developer,MA,1886,1987-06-14,Single,,No,Asian,2016-10-02,,,Active,,13.0,Indeed,Fully Meets,4.1,5,7.0,,0.0,2,36,,
163,Leach, Dallas,10087,0,3,5,3.0,,"63,676.00",1,Production Technician I,MA,1810,1979-01-17,Single,US Citizen,No,Asian,2011-09-26,2018-08-19,return to school,Voluntarily Terminated,,20.0,CareerBuilder,Fully Meets,4.88,3,0.0,7/2/2017,,17,44,,
164,LeBlanc, Brandon  R,10134,1,1,1,3.0,0.0,"93,046.00",0,Shared Services Manager,MA,1460,1984-06-10,Married,US Citizen,No,White,,,N/A-StillEmployed,Active,,2.0,CareerBuilder,Fully Meets,4.1,4,,1/28/2019,0.0,20,39,,
165,,,10251,1,1,5,3.0,,"64,738.00",0,Production Technician I,MA,1776,1982-09-02,Married,US Citizen,No,Asian,2012-05-14,,,Active,Production       ,16.0,Google Search,Fully Meets,4.1,3,,,,10,41,,
166,Leruth, Giovanni,10103,1,1,6,3.0,,"70,468.00",0,Area Sales Manager,UT,84111,1988-12-27,Separated,US Citizen,No,,2012-04-30,,N/A-StillEmployed,Active,,17.0,,Fully Meets,4.53,3,0.0,1/29/2019,,16,35,,
167,,,10017,0,1,5,4.0,,"77,915.00",0,Production Manager,MA,2110,1981-10-26,Married,US Citizen,No,,2013-09-30,,N/A-StillEmployed,Active,,2.0,Website,Exceeds,4.1,3,0.0,1/21/2019,,11,42,,
168,Linares, Marilyn ,10186,0,3,5,3.0,0.0,"52,624.00",1,Production Technician I,MA,1886,1981-03-26,Married,US Citizen,No,White,2011-07-05,2018-09-26,,Voluntarily Terminated,Production       ,22.0,Indeed,Fully Meets,3.18,4,0.0,3/2/2018,0.0,16,42,,
169,Linden, Mathew,10137,1,1,5,3.0,0.0,"63,450.00",0,Production Technician II,MA,1770,1979-03-19,Married,US Citizen,No,White,,,,Active,,18.0,LinkedIn,Fully Meets,4.0,3,0.0,2/18/2019,0.0,7,44,,
170,Lindsay, Leonara ,10008,0,1,3,4.0,,"51,777.00",0,IT Support,CT,6070,1988-10-05,Single,US Citizen,Yes,,2011-01-21,,N/A-StillEmployed,Active,IT/IS,6.0,Diversity Job Fair,Exceeds,4.64,4,5.0,1/25/2019,0.0,14,35,,
171,Lundy, Susan,10096,0,3,5,3.0,0.0,"67,237.00",1,Production Technician II,MA,2122,1976-12-26,Widowed,US Citizen,No,,2013-07-08,2016-09-15,more money,Voluntarily Terminated,Production       ,22.0,LinkedIn,Fully Meets,4.65,4,0.0,6/10/2016,0.0,15,47,,
172,Lunquist, Lisa,10035,0,1,5,4.0,0.0,"73,330.00",0,Production Technician II,MA,2324,1982-03-28,Single,US Citizen,No,Black or African American,2013-08-19,,N/A-StillEmployed,Active,Production       ,16.0,Indeed,Exceeds,4.2,4,0.0,2/12/2019,0.0,19,41,,
173,Lydon, Allison,10057,0,1,5,3.0,0.0,"52,057.00",0,Production Technician I,MA,2122,1975-10-22,Married,US Citizen,No,,,,N/A-StillEmployed,Active,,16.0,Website,Fully Meets,5.0,3,,1/23/2019,0.0,6,48,,
174,Lynch, Lindsay,10004,0,3,5,4.0,,"47,434.00",1,Production Technician I,MA,1844,1973-02-14,Single,US Citizen,Yes,Black or African American,2011-11-07,2015-11-14,,Voluntarily Terminated,Production       ,39.0,Diversity Job Fair,Exceeds,5.0,4,,,0.0,17,50,,
175,MacLennan, Samuel,10191,1,3,5,3.0,,"52,788.00",1,Production Technician I,MA,1938,1972-11-09,Widowed,US Citizen,No,,2012-09-24,2017-09-26,hours,Voluntarily Terminated,,11.0,Indeed,Fully Meets,3.08,4,0.0,4/1/2017,0.0,18,51,,
176,,,10219,0,1,5,3.0,0.0,"45,395.00",0,Production Technician I,MA,2189,1986-07-07,Single,US Citizen,No,White,2014-01-06,,N/A-StillEmployed,Active,Production       ,19.0,LinkedIn,Fully Meets,4.6,4,0.0,2/26/2019,0.0,14,37,,
177,Manchester, Robyn,10077,0,1,5,3.0,,"62,385.00",0,Production Technician II,MA,2324,1976-08-25,Married,US Citizen,No,White,2016-05-11,,N/A-StillEmployed,Active,Production       ,,LinkedIn,Fully Meets,5.0,3,0.0,1/21/2019,0.0,4,47,,
178,,,10073,0,3,5,3.0,0.0,"68,407.00",1,Production Technician II,MA,2176,1986-12-10,Married,,No,Two or more races,2011-07-05,2012-08-19,,Voluntarily Terminated,Production       ,11.0,LinkedIn,Fully Meets,5.0,4,0.0,,0.0,16,37,,
179,,,10279,0,1,5,3.0,,"61,349.00",0,Production Technician I,MA,2451,1974-11-07,Married,US Citizen,No,White,,,N/A-StillEmployed,Active,Production       ,12.0,LinkedIn,Fully Meets,4.1,3,0.0,1/22/2019,,11,49,,
180,Martin, Sandra,10110,0,1,4,3.0,0.0,"105,688.00",0,Software Engineer,MA,2135,1987-11-07,Single,US Citizen,No,,2013-11-11,,N/A-StillEmployed,Active,Software Engineering,10.0,Google Search,Fully Meets,4.5,5,,1/14/2019,0.0,14,36,,
181,,,10053,0,1,5,3.0,0.0,"54,132.00",0,Production Technician I,MA,2330,1977-11-22,Married,US Citizen,No,White,,,N/A-StillEmployed,Active,Production       ,14.0,,Fully Meets,5.0,4,0.0,1/10/2019,,8,46,,
182,,,10076,0,1,5,3.0,,"55,315.00",0,Production Technician II,MA,2149,1987-05-21,Single,US Citizen,No,,,,N/A-StillEmployed,Active,Production       ,19.0,LinkedIn,Fully Meets,5.0,5,0.0,2/7/2019,0.0,16,36,,
183,,,10145,0,1,5,3.0,,"62,810.00",0,Production Technician I,MA,2184,1987-01-07,Married,,No,Black or African American,,,,Active,,20.0,,Fully Meets,3.93,3,0.0,1/30/2019,0.0,20,36,,
184,McKinzie, Jac,10202,1,1,6,3.0,0.0,"63,291.00",0,Area Sales Manager,TX,78789,1984-07-01,Married,US Citizen,No,Two or more races,2016-07-06,,N/A-StillEmployed,Active,Sales,21.0,Website,Fully Meets,3.4,4,0.0,1/29/2019,0.0,7,39,,
185,Meads, Elizabeth,10128,0,3,5,3.0,,"62,659.00",1,Production Technician I,MA,1760,1968-05-30,Single,US Citizen,No,Black or African American,2012-04-02,2016-11-11,,Voluntarily Terminated,,18.0,Diversity Job Fair,Fully Meets,4.18,4,0.0,2/5/2016,,17,55,,
186,Medeiros, Jennifer,10068,0,1,5,,0.0,"55,688.00",0,Production Technician I,MA,2346,1976-09-22,Single,US Citizen,No,White,,,N/A-StillEmployed,Active,,22.0,CareerBuilder,Fully Meets,5.0,4,0.0,1/21/2019,,10,47,,
187,Miller, Brannon,10116,1,1,5,3.0,,"83,667.00",0,Production Manager,MA,2045,1981-08-10,Single,US Citizen,yes,Hispanic,,,,Active,,2.0,Indeed,Fully Meets,4.37,3,,1/14/2019,0.0,2,42,,
188,Miller, Ned,10298,1,3,5,,,"55,800.00",1,Production Technician II,MA,2472,1985-06-29,Single,US Citizen,No,White,2011-08-15,2014-09-04,unhappy,Voluntarily Terminated,Production       ,12.0,LinkedIn,PIP,3.0,2,0.0,,6.0,6,38,,
189,,,10213,1,1,5,3.0,,"58,207.00",0,Production Technician II,MA,1450,1992-08-17,Married,US Citizen,No,White,2011-11-07,,N/A-StillEmployed,Active,Production       ,14.0,,Fully Meets,3.7,3,0.0,1/8/2019,,14,31,,
190,Monroe, Peter,10288,1,1,3,2.0,1.0,"157,000.00",0,IT Manager - Infra,MA,2134,1986-10-05,Married,Eligible NonCitizen,Yes,Black or African American,2012-02-15,,N/A-StillEmployed,Active,IT/IS,5.0,Diversity Job Fair,Needs Improvement,2.39,3,,2/22/2019,,13,37,,
191,,,10025,0,1,5,4.0,,"72,460.00",0,Production Technician II,MA,2126,1970-04-24,Single,US Citizen,No,Black or African American,2013-05-13,,N/A-StillEmployed,Active,Production       ,20.0,Indeed,Exceeds,4.7,3,0.0,1/14/2019,0.0,1,53,,
192,Moran, Patrick,10223,1,1,5,3.0,,"72,106.00",0,Production Technician II,MA,2127,1976-12-03,Single,,No,,2012-01-09,,N/A-StillEmployed,Active,,18.0,Diversity Job Fair,Fully Meets,4.1,4,,1/31/2019,0.0,12,47,,
193,,,10151,0,1,3,,0.0,"52,599.00",0,Network Engineer,MA,2048,1979-04-04,Married,US Citizen,No,White,,,N/A-StillEmployed,Active,,7.0,CareerBuilder,Fully Meets,3.81,3,,2/11/2019,0.0,6,44,,
194,Motlagh,  Dawn,10254,0,1,5,3.0,0.0,"63,430.00",0,Production Technician I,MA,2453,1984-07-07,Divorced,,No,White,2013-04-01,,N/A-StillEmployed,Active,Production       ,16.0,LinkedIn,Fully Meets,4.4,4,,1/17/2019,,18,39,,
195,Moumanil, Maliki ,10120,1,1,5,3.0,0.0,"74,417.00",0,Production Technician II,MA,1460,1974-12-01,Separated,US Citizen,No,Black or African American,,,N/A-StillEmployed,Active,,22.0,LinkedIn,Fully Meets,4.29,5,,1/28/2019,,11,49,,
196,,,10216,1,1,5,3.0,,"57,575.00",0,Production Technician I,MA,1550,1980-04-18,Single,US Citizen,No,Asian,2013-07-08,,N/A-StillEmployed,Active,,20.0,LinkedIn,Fully Meets,4.1,4,,1/22/2019,,13,43,,
197,Navathe, Kurt,10079,1,1,3,3.0,0.0,"87,921.00",0,Senior BI Developer,MA,2056,1970-04-25,Single,,No,,2017-02-10,,N/A-StillEmployed,Active,,13.0,Indeed,Fully Meets,5.0,3,6.0,,,17,53,,
198,Ndzi, Colombui,10215,1,3,5,3.0,1.0,"50,470.00",1,Production Technician I,MA,2110,1989-05-02,Single,,No,Black or African American,2011-09-26,2014-04-04,return to school,Voluntarily Terminated,,39.0,Diversity Job Fair,Fully Meets,4.3,3,0.0,3/2/2013,0.0,19,34,,
199,Ndzi, Horia,10185,1,3,5,3.0,,"46,664.00",1,Production Technician I,MA,2421,1983-03-28,Married,US Citizen,No,White,,2016-05-25,,Voluntarily Terminated,Production       ,11.0,Employee Referral,Fully Meets,3.18,3,0.0,,0.0,10,40,,
200,Newman, Richard ,10063,1,1,5,3.0,,"48,495.00",0,Production Technician I,MA,2136,1977-04-08,Married,US Citizen,No,White,,,N/A-StillEmployed,Active,Production       ,19.0,LinkedIn,Fully Meets,5.0,5,0.0,2/18/2019,0.0,11,46,,
201,Ngodup, Shari ,10037,0,1,5,4.0,,"52,984.00",0,Production Technician I,MA,1810,1967-06-03,Separated,,No,Black or African American,2013-04-01,,N/A-StillEmployed,Active,Production       ,12.0,Diversity Job Fair,Exceeds,4.0,3,0.0,2/13/2019,0.0,12,56,,
202,Nguyen, Dheepa,10042,0,1,6,3.0,0.0,"63,695.00",0,Area Sales Manager,GA,30428,1989-03-31,Single,US Citizen,No,Two or more races,,,N/A-StillEmployed,Active,,21.0,,Fully Meets,5.0,5,,1/25/2019,,2,34,,
203,Nguyen, Lei-Ming,10206,0,1,5,,0.0,"62,061.00",0,Production Technician I,MA,2132,1984-07-07,Single,US Citizen,No,,2013-07-08,,N/A-StillEmployed,Active,Production       ,14.0,LinkedIn,Fully Meets,3.6,5,,1/2/2019,,4,39,,
204,,,10104,0,1,5,3.0,0.0,"66,738.00",0,Production Technician II,MA,1040,1985-11-23,Single,US Citizen,No,White,2014-11-10,,N/A-StillEmployed,Active,Production       ,16.0,,Fully Meets,4.53,5,0.0,,0.0,5,38,,
205,,,10303,0,2,5,1.0,0.0,"52,674.00",1,Production Technician I,MA,2152,1980-09-30,Single,US Citizen,No,,2014-03-31,2018-05-01,performance,Terminated for Cause,,20.0,LinkedIn,PIP,2.33,2,,3/9/2018,,3,43,,
206,Oliver, Brooke ,10078,0,3,5,3.0,,"71,966.00",1,Production Technician II,MA,2492,1952-02-11,Married,,No,Asian,2012-05-14,2013-08-19,unhappy,Voluntarily Terminated,,39.0,LinkedIn,Fully Meets,5.0,3,0.0,7/2/2013,0.0,17,71,,
207,Onque, Jasmine,10121,0,1,6,3.0,0.0,"63,051.00",0,Area Sales Manager,FL,33174,1990-05-11,Single,,Yes,,,,N/A-StillEmployed,Active,Sales,21.0,Indeed,Fully Meets,4.28,3,0.0,1/25/2019,,1,33,,
208,,,10021,1,1,5,4.0,0.0,"47,414.00",0,Production Technician I,MA,2478,1976-12-11,Married,US Citizen,No,,2013-09-30,,N/A-StillEmployed,Active,Production       ,18.0,LinkedIn,Exceeds,5.0,3,,,0.0,13,47,,
209,,,10281,1,1,5,2.0,0.0,"53,060.00",0,Production Technician I,MA,1760,1979-11-24,Single,US Citizen,No,Black or African American,2014-02-17,,N/A-StillEmployed,Active,Production       ,22.0,LinkedIn,Needs Improvement,4.25,3,0.0,2/4/2019,4.0,6,44,,
210,,,10041,1,1,6,3.0,,"68,829.00",0,Area Sales Manager,NC,27229,1982-05-19,Single,US Citizen,No,White,2015-01-05,,N/A-StillEmployed,Active,Sales,17.0,Website,Fully Meets,5.0,5,0.0,1/14/2019,0.0,18,41,,
211,Panjwani, Nina,10148,0,3,5,3.0,,"63,515.00",1,Production Technician I,MA,2351,1979-05-01,Married,US Citizen,No,White,2011-02-07,2014-01-12,,Voluntarily Terminated,Production       ,16.0,Google Search,Fully Meets,3.89,4,0.0,3/4/2013,0.0,7,44,,
212,,,10005,1,3,4,4.0,1.0,"108,987.00",1,Software Engineer,MA,1844,1979-02-20,Single,US Citizen,No,Black or African American,,2015-09-07,Another position,Voluntarily Terminated,Software Engineering,10.0,Diversity Job Fair,Exceeds,5.0,5,3.0,8/16/2015,0.0,13,44,,
213,,,10259,1,3,3,3.0,0.0,"93,093.00",1,Data Analyst,MA,2747,1984-09-05,Married,US Citizen,No,,2014-12-01,2016-05-01,performance,Voluntarily Terminated,IT/IS,4.0,Employee Referral,Fully Meets,4.7,4,5.0,,0.0,19,39,,
214,,,10286,1,3,5,2.0,0.0,"53,564.00",1,Production Technician I,MA,2458,1988-03-17,Single,US Citizen,No,,2011-01-10,2017-12-28,,Voluntarily Terminated,Production       ,39.0,Google Search,Needs Improvement,3.54,5,0.0,4/6/2017,,15,35,,
215,,,10297,0,3,5,2.0,0.0,"60,270.00",1,Production Technician II,MA,2472,1989-07-18,Married,US Citizen,No,,2011-07-05,2015-09-15,unhappy,Voluntarily Terminated,Production       ,11.0,CareerBuilder,Needs Improvement,2.4,5,0.0,,,2,34,,
216,Perry, Shakira,10171,0,3,5,3.0,,"45,998.00",1,Production Technician I,MA,2176,1986-07-20,Single,US Citizen,No,White,2011-05-16,2015-10-25,medical issues,Voluntarily Terminated,Production       ,11.0,,Fully Meets,3.45,4,0.0,5/13/2014,0.0,5,37,,
217,Peters, Lauren,10032,0,3,5,,0.0,"57,954.00",1,Production Technician II,MA,1886,1986-08-17,Married,US Citizen,No,,2011-05-16,2013-02-04,more money,Voluntarily Terminated,,19.0,Indeed,Exceeds,4.2,5,,1/10/2013,0.0,12,37,,
218,Peterson, Ebonee  ,10130,0,3,5,3.0,,"74,669.00",1,Production Manager,MA,2030,1977-05-09,Married,US Citizen,No,White,2010-10-25,2016-05-18,Another position,Voluntarily Terminated,Production       ,2.0,Indeed,Fully Meets,4.16,5,,3/5/2015,0.0,6,46,,
219,,,10217,0,1,5,3.0,0.0,"74,226.00",0,Production Technician II,MA,2050,1979-03-10,Married,Eligible NonCitizen,No,Asian,2012-04-02,,N/A-StillEmployed,Active,,12.0,LinkedIn,Fully Meets,4.3,3,,,0.0,14,44,,
220,Petrowsky, Thelma,10016,0,1,3,4.0,0.0,"93,554.00",0,Data Analyst,MA,1886,1984-09-16,Married,US Citizen,No,Black or African American,2014-11-10,,N/A-StillEmployed,Active,,4.0,Employee Referral,Exceeds,4.6,5,7.0,,0.0,16,39,,
221,,,10050,1,3,5,3.0,,"64,724.00",1,Production Technician I,MA,2451,1988-03-06,Married,US Citizen,No,Asian,2011-07-05,2012-11-30,more money,Voluntarily Terminated,Production       ,12.0,,Fully Meets,5.0,3,0.0,2/20/2012,0.0,13,35,,
222,PITT, BRAD ,10164,1,1,5,,,"47,001.00",0,Production Technician I,MA,2451,1981-11-23,Single,,No,,2007-11-05,,N/A-StillEmployed,Active,,14.0,Google Search,Fully Meets,3.66,3,,2/25/2019,,15,42,,
223,,,10124,0,1,6,3.0,,"61,844.00",0,Area Sales Manager,KY,40220,1988-08-29,Married,US Citizen,No,Black or African American,2012-01-09,,N/A-StillEmployed,Active,Sales,21.0,Website,Fully Meets,4.2,5,0.0,,0.0,9,35,,
224,,,10187,0,3,5,3.0,0.0,"46,799.00",1,Production Technician I,MA,1742,1984-10-15,Divorced,Eligible NonCitizen,No,Asian,2011-05-16,2018-06-04,,Voluntarily Terminated,,20.0,,Fully Meets,3.17,4,,4/2/2018,0.0,14,39,,
225,Punjabhi, Louis  ,10225,1,1,5,3.0,,"59,472.00",0,Production Technician I,MA,2109,1961-06-19,Single,,No,White,2014-01-06,,N/A-StillEmployed,Active,,18.0,Employee Referral,Fully Meets,4.8,3,0.0,,0.0,14,62,,
226,,,10262,0,3,5,3.0,,"46,430.00",1,Production Technician I,MA,2474,1970-09-22,Divorced,US Citizen,No,White,,2013-06-18,unhappy,Voluntarily Terminated,Production       ,20.0,Indeed,Fully Meets,4.5,5,0.0,4/2/2013,0.0,16,53,,
227,Quinn, Sean,10131,1,3,1,3.0,1.0,"83,363.00",1,Software Engineer,MA,2045,1984-11-06,Married,Eligible NonCitizen,No,Black or African American,,2015-08-15,career change,Voluntarily Terminated,,2.0,,Fully Meets,4.15,4,,4/19/2014,0.0,4,39,,
228,Rachael, Maggie,10239,0,1,3,3.0,,"95,920.00",0,BI Developer,MA,2110,1980-05-12,Married,US Citizen,No,Black or African American,2016-10-02,,N/A-StillEmployed,Active,IT/IS,13.0,Indeed,Fully Meets,4.4,4,6.0,2/6/2019,,10,43,,
229,Rarrick, Quinn,10152,1,3,5,3.0,0.0,"61,729.00",1,Production Technician I,MA,2478,1984-12-31,Divorced,US Citizen,No,,2011-09-26,2018-04-07,,Voluntarily Terminated,Production       ,22.0,Indeed,Fully Meets,3.8,5,0.0,2/4/2018,,19,39,,
230,,,10140,1,1,6,3.0,,"61,809.00",0,Area Sales Manager,ID,83706,1954-10-12,Married,US Citizen,No,White,2014-05-12,,N/A-StillEmployed,Active,Sales,17.0,CareerBuilder,Fully Meets,3.98,3,,1/28/2019,0.0,4,69,,
231,,,10058,1,3,5,3.0,,"45,115.00",1,Production Technician I,MA,2176,1982-07-22,Divorced,US Citizen,Yes,White,2011-05-16,2016-01-15,retiring,Voluntarily Terminated,,16.0,LinkedIn,Fully Meets,5.0,4,0.0,3/30/2015,,11,41,,
232,Rivera, Haley  ,10011,0,1,5,4.0,,"46,738.00",0,Production Technician I,MA,2171,1973-01-12,Married,US Citizen,No,Asian,2011-11-28,,N/A-StillEmployed,Active,Production       ,,Google Search,Exceeds,4.36,5,0.0,2/11/2019,0.0,16,50,,
233,Roberson, May,10230,0,3,5,,,"64,971.00",1,Production Technician II,MA,1902,1981-09-05,Divorced,Eligible NonCitizen,No,Black or African American,2011-09-26,2011-10-22,return to school,Voluntarily Terminated,Production       ,14.0,Google Search,Fully Meets,4.5,4,0.0,10/22/2011,,10,42,,
234,Robertson, Peter,10224,1,3,5,3.0,0.0,"55,578.00",1,Production Technician II,MA,2138,1972-07-03,Married,US Citizen,No,White,,2012-02-08,,Voluntarily Terminated,Production       ,20.0,Indeed,Fully Meets,4.2,5,,1/6/2012,0.0,13,51,,
235,Robinson, Alain  ,10047,1,3,5,3.0,0.0,"50,428.00",1,Production Technician I,MA,1420,1974-01-07,Married,US Citizen,No,Black or African American,2011-01-10,2016-01-26,attendance,Voluntarily Terminated,Production       ,11.0,Indeed,Fully Meets,5.0,3,0.0,1/10/2015,0.0,11,49,,
236,,,10285,0,2,5,2.0,,"61,422.00",1,Production Technician I,MA,1460,1985-01-07,Married,US Citizen,No,White,2011-01-10,2016-05-17,attendance,Terminated for Cause,,19.0,Indeed,Needs Improvement,3.6,3,,4/5/2016,4.0,16,38,,
237,Robinson, Elias,10020,1,1,5,4.0,,"63,353.00",0,Production Technician I,MA,1730,1985-01-28,Widowed,US Citizen,No,White,,,,Active,Production       ,12.0,Employee Referral,Exceeds,3.6,5,,2/11/2019,0.0,4,38,,
238,Roby, Lori ,10162,0,1,3,3.0,0.0,"89,883.00",0,Data Analyst,MA,1886,1981-10-11,Married,US Citizen,No,White,2015-02-16,,N/A-StillEmployed,Active,IT/IS,4.0,Employee Referral,Fully Meets,3.69,5,,2/14/2019,0.0,15,42,,
239,Roehrich, Bianca,10149,0,3,3,3.0,,"120,000.00",1,Principal Data Architect,MA,2703,1973-05-27,Single,US Citizen,Yes,White,2015-01-05,2018-11-10,Another position,Voluntarily Terminated,,4.0,LinkedIn,Fully Meets,3.88,3,7.0,,0.0,12,50,,
240,,,10086,0,1,3,3.0,,"150,290.00",0,Data Architect,Ma,2056,1972-11-21,Single,US Citizen,No,Black or African American,2017-01-07,,N/A-StillEmployed,Active,,13.0,Indeed,Fully Meets,4.94,3,,,0.0,17,51,,
241,,,10054,0,1,5,3.0,,"60,627.00",0,Production Technician I,MA,1886,1974-12-05,Separated,US Citizen,No,,2014-01-06,,N/A-StillEmployed,Active,,14.0,Website,Fully Meets,5.0,4,,1/31/2019,,8,49,,
242,Rossetti, Bruno,10065,1,3,5,,0.0,"53,180.00",1,Production Technician I,MA,2155,1987-03-18,Single,US Citizen,No,White,2011-04-04,2018-08-13,,Voluntarily Terminated,Production       ,20.0,Google Search,Fully Meets,5.0,5,,7/2/2018,0.0,4,36,,
243,,,10198,1,1,3,3.0,,"140,920.00",0,IT Manager - DB,MA,2481,1973-04-05,Single,US Citizen,No,White,2013-01-20,,N/A-StillEmployed,Active,IT/IS,5.0,Indeed,Fully Meets,3.6,5,7.0,2/18/2019,0.0,13,50,,
244,Ruiz, Ricardo,10222,1,3,3,3.0,1.0,"148,999.00",1,IT Manager - DB,MA,1915,1964-01-04,Divorced,US Citizen,No,Black or African American,,2015-11-04,hours,Voluntarily Terminated,IT/IS,5.0,Diversity Job Fair,Fully Meets,4.3,4,6.0,1/4/2015,0.0,8,59,,
245,Saada, Adell,10126,0,1,4,3.0,,"86,214.00",0,Software Engineer,MA,2132,1986-07-24,Married,,No,White,2012-11-05,,N/A-StillEmployed,Active,Software Engineering,10.0,Indeed,Fully Meets,4.2,3,6.0,2/13/2019,0.0,2,37,,
246,,,10295,0,1,5,2.0,1.0,"47,750.00",0,Production Technician I,MA,1801,1968-06-06,Single,US Citizen,No,,2016-07-04,,,Active,Production       ,18.0,Diversity Job Fair,Needs Improvement,2.6,4,,,,4,55,,
247,,,10260,1,3,5,3.0,,"46,428.00",1,Production Technician I,MA,2148,1974-12-21,Single,US Citizen,No,,,2018-07-30,relocation out of area,Voluntarily Terminated,Production       ,22.0,Google Search,Fully Meets,4.6,5,0.0,2/5/2018,,7,49,,
248,,,10233,1,1,5,3.0,,"57,975.00",0,Production Technician II,MA,2062,1986-04-26,Married,US Citizen,No,White,2010-08-30,,,Active,Production       ,18.0,CareerBuilder,Fully Meets,4.1,3,0.0,,,13,37,,
249,Salter, Jason,10229,1,3,3,3.0,,"88,527.00",1,Data Analyst ,MA,2452,1987-12-17,Divorced,US Citizen,No,Black or African American,2015-01-05,2015-10-31,hours,Voluntarily Terminated,IT/IS,4.0,LinkedIn,Fully Meets,4.2,3,5.0,4/20/2015,,2,36,,
250,,,10169,0,1,5,3.0,0.0,"56,147.00",0,Production Technician I,MA,2154,1988-07-10,Married,US Citizen,No,Black or African American,2014-09-29,,N/A-StillEmployed,Active,Production       ,16.0,LinkedIn,Fully Meets,3.51,3,,2/18/2019,0.0,2,35,,
251,Sewkumar, Nori,10071,0,1,5,3.0,,"50,923.00",0,Production Technician I,MA,2191,1975-03-10,Single,,No,Asian,,,N/A-StillEmployed,Active,Production       ,,Google Search,Fully Meets,5.0,5,0.0,2/6/2019,,14,48,,
252,,,10179,0,1,3,3.0,0.0,"50,750.00",0,Network Engineer,MA,1773,1981-04-14,Married,US Citizen,No,White,2014-09-30,,,Active,IT/IS,7.0,LinkedIn,Fully Meets,3.31,3,6.0,1/7/2019,,7,42,,
253,,,10091,0,1,5,3.0,0.0,"52,087.00",0,Production Technician I,MA,2149,1985-08-24,Married,US Citizen,No,White,2013-08-19,,N/A-StillEmployed,Active,Production       ,11.0,LinkedIn,Fully Meets,4.81,4,,2/15/2019,0.0,15,38,,
254,Simard, Kramer,10178,1,1,3,3.0,,"87,826.00",0,Data Analyst,MA,2110,1970-02-08,Married,US Citizen,Yes,White,2015-01-05,,N/A-StillEmployed,Active,,4.0,Employee Referral,Fully Meets,3.32,3,,1/14/2019,0.0,16,53,,
255,Singh, Nan ,10039,0,1,1,3.0,,"51,920.00",0,Administrative Assistant,MA,2330,1988-05-19,Single,US Citizen,No,White,2015-05-01,,N/A-StillEmployed,Active,Admin Offices,1.0,Website,Fully Meets,5.0,3,,1/15/2019,,2,35,,
256,,,10095,0,3,5,3.0,,"63,878.00",1,Production Technician II,MA,1851,1987-11-25,Single,US Citizen,No,,2009-10-26,2015-04-08,maternity leave - did not return,Voluntarily Terminated,,22.0,,Fully Meets,4.68,4,,4/2/2015,,20,36,,
257,,,10027,1,1,5,4.0,,"60,656.00",0,Production Technician II,MA,2045,1963-10-30,Single,,No,White,,,N/A-StillEmployed,Active,Production       ,16.0,Indeed,Exceeds,4.3,3,,1/28/2019,,4,60,,
258,Smith, John,10291,1,1,6,2.0,,"72,992.00",0,Sales Manager,MA,1886,1984-08-16,Divorced,US Citizen,No,,2014-05-18,,N/A-StillEmployed,Active,Sales,15.0,Diversity Job Fair,Needs Improvement,2.4,4,0.0,1/16/2019,,16,39,,
259,,,10153,0,3,1,,1.0,"55,000.00",1,Administrative Assistant,MA,1844,1987-06-14,Married,US Citizen,No,Black or African American,2011-09-26,2013-09-25,career change,Voluntarily Terminated,,1.0,Diversity Job Fair,Fully Meets,3.8,4,4.0,,0.0,17,36,,
260,,,10157,0,1,5,3.0,,"58,939.00",0,Production Technician I,MA,2130,1965-02-02,Single,US Citizen,No,,2013-11-11,,N/A-StillEmployed,Active,Production       ,19.0,Employee Referral,Fully Meets,3.73,3,0.0,,,16,58,,
261,,,10119,0,1,3,3.0,,"66,593.00",0,IT Support,MA,2360,1973-03-12,Married,US Citizen,No,Black or African American,2011-06-10,,N/A-StillEmployed,Active,IT/IS,6.0,LinkedIn,Fully Meets,4.3,3,5.0,2/8/2019,0.0,19,50,,
262,Soze, Keyser,10180,1,1,3,3.0,0.0,"87,565.00",0,Sr. Network Engineer,MA,1545,1983-02-09,Married,US Citizen,No,,2016-06-30,,N/A-StillEmployed,Active,IT/IS,7.0,LinkedIn,Fully Meets,3.27,4,5.0,1/14/2019,,13,40,,
263,Sparks, Taylor  ,10302,0,1,5,1.0,0.0,"64,021.00",0,Production Technician I,MA,2093,1968-07-20,Married,US Citizen,No,White,2012-02-20,,,Active,,12.0,Indeed,PIP,2.4,2,,2/25/2019,6.0,20,55,,
264,Spirea, Kelley,10090,0,1,5,3.0,,"65,714.00",0,Production Manager,MA,2451,1975-09-30,Married,US Citizen,No,White,2012-10-02,,N/A-StillEmployed,Active,Production       ,2.0,LinkedIn,Fully Meets,4.83,5,,2/14/2019,0.0,15,48,,
265,Squatrito, Kristen,10030,0,3,5,4.0,,"62,425.00",1,Production Technician I,MA,2359,1973-03-26,Divorced,US Citizen,No,,2013-05-13,2015-06-29,unhappy,Voluntarily Terminated,,14.0,LinkedIn,Exceeds,4.1,4,0.0,,0.0,16,50,,
266,Stanford,Barbara  M,10278,0,1,5,3.0,,"47,961.00",0,Production Technician I,MA,2050,1982-08-25,Divorced,US Citizen,No,,2011-01-10,,N/A-StillEmployed,Active,,20.0,,Fully Meets,4.1,4,,2/7/2019,0.0,9,41,,
267,,,10307,1,1,6,1.0,0.0,"58,273.00",0,Area Sales Manager,NV,89139,1974-05-09,Married,US Citizen,No,White,,,N/A-StillEmployed,Active,,21.0,Website,PIP,1.81,2,,1/17/2019,,5,49,,
268,,,10147,1,1,1,3.0,0.0,"63,003.00",0,Accountant I,MA,2703,1986-09-01,Single,US Citizen,No,White,2014-09-29,,,Active,Admin Offices,1.0,Indeed,Fully Meets,3.9,5,5.0,1/18/2019,0.0,9,37,,
269,Stoica, Rick,10266,1,1,5,3.0,,"61,355.00",0,Production Technician I,MA,2301,1985-03-14,Married,US Citizen,No,Asian,,,N/A-StillEmployed,Active,Production       ,18.0,LinkedIn,Fully Meets,4.7,3,0.0,1/11/2019,0.0,4,38,,
270,Strong, Caitrin,10241,0,1,6,3.0,,"60,120.00",0,Area Sales Manager,MT,59102,1989-05-12,Married,US Citizen,No,,2010-09-27,,N/A-StillEmployed,Active,Sales,17.0,Indeed,Fully Meets,4.1,4,,1/31/2019,0.0,18,34,,
271,,,10158,0,1,5,3.0,,"63,682.00",0,Production Manager,MA,1776,1978-03-28,Married,US Citizen,No,Black or African American,2009-01-08,,N/A-StillEmployed,Active,,2.0,,Fully Meets,3.73,4,0.0,1/24/2019,,12,45,,
272,,,10117,1,1,5,,0.0,"63,025.00",0,Production Technician I,MA,2747,1982-10-07,Married,US Citizen,Yes,White,2015-01-05,,N/A-StillEmployed,Active,,22.0,Google Search,Fully Meets,4.36,5,0.0,1/24/2019,,10,41,,
273,,,10209,0,1,5,3.0,,"59,238.00",0,Production Technician I,MA,2718,1968-08-15,Single,,No,Asian,2012-05-14,,N/A-StillEmployed,Active,Production       ,16.0,Indeed,Fully Meets,3.4,5,,1/31/2019,,13,55,,
274,,,10024,1,1,4,4.0,0.0,"92,989.00",0,Software Engineer,MA,2140,1983-05-06,Single,US Citizen,No,White,2014-07-07,,N/A-StillEmployed,Active,,10.0,LinkedIn,Exceeds,4.5,5,5.0,2/18/2019,0.0,1,40,,
275,,,10173,1,1,3,3.0,,"90,100.00",0,BI Developer,MA,2134,1987-10-24,Married,US Citizen,No,,,,N/A-StillEmployed,Active,,13.0,Indeed,Fully Meets,3.4,3,,1/2/2019,,14,36,,
276,,,10221,0,3,5,3.0,1.0,"60,754.00",1,Production Technician I,MA,1801,1975-04-03,Married,,No,Black or African American,2009-04-27,2013-04-01,Another position,Voluntarily Terminated,,39.0,Diversity Job Fair,Fully Meets,4.5,5,,2/15/2012,0.0,11,48,,
277,TEJEDA, LENORA ,10146,0,3,5,3.0,0.0,"72,202.00",1,Production Technician II,MA,2129,1953-05-24,Married,US Citizen,No,White,,2017-07-08,Another position,Voluntarily Terminated,Production       ,16.0,Google Search,Fully Meets,3.93,3,,,0.0,3,70,,
278,Terry, Sharlene ,10161,0,1,6,3.0,0.0,"58,370.00",0,Area Sales Manager,OR,97756,1965-05-07,Single,US Citizen,No,,2014-09-29,,N/A-StillEmployed,Active,Sales,21.0,Indeed,Fully Meets,3.69,3,0.0,1/28/2019,,18,58,,
279,,,10141,0,3,5,3.0,,"48,413.00",1,Production Technician I,MA,2066,1965-05-09,Single,US Citizen,No,,2011-07-05,2016-09-05,return to school,Voluntarily Terminated,,11.0,Indeed,Fully Meets,3.98,4,0.0,3/2/2016,0.0,1,58,,
280,,,10268,1,3,5,3.0,0.0,"67,176.00",1,Production Technician II,MA,2472,1975-09-16,Widowed,,No,,,2010-08-30,military,Voluntarily Terminated,Production       ,39.0,Other,Fully Meets,4.1,4,0.0,7/14/2010,0.0,15,48,,
281,,,10123,0,1,5,,0.0,"56,339.00",0,Production Technician I,MA,2093,1967-06-05,Divorced,US Citizen,No,Black or African American,2013-02-18,,,Active,Production       ,12.0,Indeed,Fully Meets,4.21,5,0.0,1/14/2019,,4,56,,
282,,,10013,1,1,6,4.0,,"64,397.00",0,Area Sales Manager,ND,58782,1968-01-15,Separated,,No,White,,,N/A-StillEmployed,Active,Sales,21.0,Indeed,Exceeds,4.1,3,0.0,1/4/2019,0.0,6,55,,
283,Trang, Mei,10287,0,1,5,2.0,,"63,025.00",0,Production Technician I,MA,2021,1983-05-16,Single,US Citizen,No,White,,,N/A-StillEmployed,Active,Production       ,14.0,LinkedIn,Needs Improvement,2.44,5,0.0,2/11/2019,,18,40,,
284,,,10044,1,3,3,3.0,0.0,"75,281.00",1,Network Engineer,MA,1420,1988-05-05,Married,US Citizen,No,White,2015-01-05,2016-02-12,,Voluntarily Terminated,,7.0,CareerBuilder,Fully Meets,5.0,3,,4/15/2015,0.0,11,35,,
285,True, Edward,10102,1,3,4,3.0,,"100,416.00",1,Software Engineer,Ma,2451,1983-06-14,Single,Non-Citizen,No,Black or African American,,2018-04-15,,Voluntarily Terminated,,10.0,Diversity Job Fair,Fully Meets,4.6,3,4.0,2/12/2017,0.0,9,40,,
286,Trzeciak, Cybil,10270,0,3,5,3.0,0.0,"74,813.00",1,Production Technician II,MA,1778,1985-03-15,Single,US Citizen,No,White,2011-01-10,2014-07-02,unhappy,Voluntarily Terminated,,11.0,LinkedIn,Fully Meets,4.4,3,0.0,,0.0,5,38,,
287,,,10045,1,1,3,3.0,0.0,"76,029.00",0,Network Engineer,MA,2343,1969-03-31,Married,Eligible NonCitizen,No,,2015-03-30,,N/A-StillEmployed,Active,IT/IS,7.0,,Fully Meets,5.0,4,,,,8,54,,
288,Valentin,Jackie,10205,0,1,6,3.0,0.0,"57,859.00",0,Area Sales Manager,AZ,85006,1991-05-23,Married,US Citizen,No,Two or more races,2011-07-05,,N/A-StillEmployed,Active,,17.0,,Fully Meets,2.81,3,,,,16,32,,
289,Veera, Abdellah ,10014,1,3,5,4.0,,"58,523.00",1,Production Technician I,MA,2171,1987-01-31,Divorced,US Citizen,No,White,,2016-02-05,maternity leave - did not return,Voluntarily Terminated,,20.0,LinkedIn,Exceeds,4.5,5,,2/1/2016,,15,36,,
290,,,10144,1,1,5,3.0,,"88,976.00",0,Production Manager,MA,2169,1968-10-10,Divorced,US Citizen,No,,,,,Active,,2.0,Employee Referral,Fully Meets,3.93,3,0.0,,0.0,19,55,,
291,,,10253,1,1,6,3.0,0.0,"55,875.00",0,Area Sales Manager,ME,4063,1989-07-11,Single,US Citizen,No,Asian,,,N/A-StillEmployed,Active,,17.0,Website,Fully Meets,4.5,4,0.0,,0.0,11,34,,
292,Voldemort, Lord,10118,1,2,3,3.0,0.0,"113,999.00",1,Database Administrator,MA,1960,1986-08-07,Married,US Citizen,No,Black or African American,,2017-02-22,,Terminated for Cause,IT/IS,4.0,Employee Referral,Fully Meets,4.33,3,,2/15/2017,0.0,9,37,,
293,Volk, Colleen,10022,0,2,5,4.0,,"49,773.00",1,Production Technician I,MA,2747,1986-06-03,Married,US Citizen,No,White,2011-09-26,2016-02-08,gross misconduct,Terminated for Cause,,18.0,Google Search,Exceeds,4.3,5,0.0,2/1/2015,,18,37,,
294,Von Massenbach, Anna,10183,0,1,5,3.0,0.0,"62,068.00",0,Production Technician I,MA,2124,1985-04-06,Single,US Citizen,No,White,,,N/A-StillEmployed,Active,,22.0,LinkedIn,Fully Meets,3.21,3,0.0,1/29/2019,0.0,7,38,,
295,WALKER, ROGER,10190,1,1,5,3.0,,"66,541.00",0,Production Technician II,MA,2459,1976-02-10,Single,US Citizen,No,Black or African American,2014-08-18,,N/A-StillEmployed,Active,,19.0,Employee Referral,Fully Meets,3.11,5,0.0,2/12/2019,,4,47,,
296,,,10274,0,3,5,3.0,1.0,"80,512.00",1,Production Manager,MA,2478,1955-11-14,Married,US Citizen,No,Black or African American,2011-09-26,2012-01-02,Another position,Voluntarily Terminated,Production       ,2.0,Diversity Job Fair,Fully Meets,4.5,3,,1/2/2012,,5,68,,
297,,,10293,0,3,5,2.0,,"50,274.00",1,Production Technician I,MA,1887,1980-08-02,Single,US Citizen,No,White,2012-08-13,2015-09-01,career change,Voluntarily Terminated,,16.0,CareerBuilder,Needs Improvement,2.5,3,0.0,,6.0,13,43,,
298,,,10172,1,1,3,3.0,0.0,"84,903.00",0,Senior BI Developer,MA,1887,1981-07-08,Single,US Citizen,No,,2017-02-15,,,Active,IT/IS,13.0,Indeed,Fully Meets,3.42,4,,1/4/2019,,17,42,,
299,,,10127,0,1,3,3.0,,"107,226.00",0,Sr. Network Engineer,MA,2453,1978-05-02,Widowed,US Citizen,No,,2015-03-30,,N/A-StillEmployed,Active,,7.0,Employee Referral,Fully Meets,4.2,4,8.0,2/5/2019,,7,45,,
300,,,10072,1,3,5,3.0,0.0,"58,371.00",1,Production Technician I,MA,2030,1987-05-24,Single,US Citizen,Yes,,,2014-05-15,hours,Voluntarily Terminated,Production       ,39.0,LinkedIn,Fully Meets,5.0,5,,,0.0,11,36,,
301,Wilber, Barry,10048,1,3,5,3.0,0.0,"55,140.00",1,Production Technician I,MA,2324,1965-09-09,Married,Eligible NonCitizen,No,White,2011-05-16,2015-09-07,,Voluntarily Terminated,Production       ,11.0,Website,Fully Meets,5.0,3,,2/15/2015,0.0,7,58,,
302,,,10204,0,3,5,3.0,,"58,062.00",1,Production Technician I,MA,1876,1983-07-30,Divorced,US Citizen,No,White,,2012-05-14,Another position,Voluntarily Terminated,,19.0,Google Search,Fully Meets,3.6,5,,2/6/2011,0.0,9,40,,
303,Williams, Jacquelyn  ,10264,0,3,5,3.0,1.0,"59,728.00",1,Production Technician I,MA,2109,1969-10-02,Single,US Citizen,Yes,Black or African American,2012-01-09,2015-06-27,relocation out of area,Voluntarily Terminated,Production       ,19.0,Diversity Job Fair,Fully Meets,4.3,4,0.0,6/2/2014,0.0,16,54,,
304,,,10033,1,3,5,4.0,0.0,"70,507.00",1,Production Technician II,MA,2045,1958-11-07,Single,US Citizen,No,White,,2016-02-21,retiring,Voluntarily Terminated,,12.0,,Exceeds,5.0,3,0.0,1/19/2016,0.0,7,65,,
305,,,10174,0,1,5,,0.0,"60,446.00",0,Production Technician II,MA,2302,1985-04-20,Single,US Citizen,No,White,2014-09-29,,N/A-StillEmployed,Active,,14.0,LinkedIn,Fully Meets,3.4,4,0.0,2/21/2019,,14,38,,
306,Woodson, Jason,10135,1,1,5,3.0,0.0,"65,893.00",0,Production Technician II,MA,1810,1985-05-11,Single,US Citizen,No,,,,N/A-StillEmployed,Active,Production       ,20.0,LinkedIn,Fully Meets,4.07,4,0.0,2/28/2019,0.0,13,38,,
307,Ybarra, Catherine ,10301,0,3,5,1.0,,"48,513.00",1,Production Technician I,MA,2458,1982-05-04,Single,US Citizen,No,Asian,2008-09-02,2015-09-29,Another position,Voluntarily Terminated,,12.0,Google Search,PIP,3.2,2,0.0,9/2/2015,,4,41,,
308,,,10010,0,1,3,4.0,,"220,450.00",0,CIO,MA,2067,1979-08-30,Single,US Citizen,No,,2010-04-10,,N/A-StillEmployed,Active,,2.0,Employee Referral,Exceeds,4.6,5,6.0,2/21/2019,0.0,16,44,,
309,,,10043,0,1,3,3.0,,"89,292.00",0,Data Analyst,MA,2148,1979-02-24,Single,US Citizen,No,,,,N/A-StillEmployed,Active,IT/IS,4.0,Employee Referral,Fully Meets,5.0,3,,2/1/2019,,11,44,,
310,Zima, Colleen,10271,0,1,5,3.0,,"45,046.00",0,Production Technician I,MA,1730,1978-08-17,Widowed,US Citizen,No,Asian,,,N/A-StillEmployed,Active,,14.0,LinkedIn,Fully Meets,4.5,5,0.0,1/30/2019,,2,45,,
